"","year","biomass","sd","h"
"1",1972,8602.61639380398,0,"Standard_Two_step"
"2",1973,8735.79761309407,0,"Standard_Two_step"
"3",1974,8985.38525182902,0,"Standard_Two_step"
"4",1975,9121.6683342313,0,"Standard_Two_step"
"5",1976,9018.29462905417,0,"Standard_Two_step"
"6",1977,9135.72116042586,0,"Standard_Two_step"
"7",1978,9324.39105900461,0,"Standard_Two_step"
"8",1979,9156.99369983194,0,"Standard_Two_step"
"9",1980,8770.94611836138,0,"Standard_Two_step"
"10",1981,8099.591219785,0,"Standard_Two_step"
"11",1982,7301.01651458699,0,"Standard_Two_step"
"12",1983,6964.03087214535,0,"Standard_Two_step"
"13",1984,6912.66133269455,0,"Standard_Two_step"
"14",1985,6732.16067774403,0,"Standard_Two_step"
"15",1986,6486.97652142287,0,"Standard_Two_step"
"16",1987,6467.72222213879,0,"Standard_Two_step"
"17",1988,6303.50756578306,0,"Standard_Two_step"
"18",1989,5902.40550847254,0,"Standard_Two_step"
"19",1990,5495.97449378872,0,"Standard_Two_step"
"20",1991,4947.54160976553,0,"Standard_Two_step"
"21",1992,4232.75162025304,0,"Standard_Two_step"
"22",1993,3509.58575365169,0,"Standard_Two_step"
"23",1994,2959.5215401605,0,"Standard_Two_step"
"24",1995,2615.8353721331,0,"Standard_Two_step"
"25",1996,2343.3152075465,0,"Standard_Two_step"
"26",1997,2147.18719578987,0,"Standard_Two_step"
"27",1998,2036.15283439433,0,"Standard_Two_step"
"28",1999,1980.31033910442,0,"Standard_Two_step"
"29",2000,1981.25007482241,0,"Standard_Two_step"
"30",2001,2004.96705144711,0,"Standard_Two_step"
"31",2002,2038.4440818501,0,"Standard_Two_step"
"32",2003,2077.73234621979,0,"Standard_Two_step"
"33",2004,2109.01004504198,0,"Standard_Two_step"
"34",2005,2144.98379636881,0,"Standard_Two_step"
"35",2006,2202.25497996192,0,"Standard_Two_step"
"36",2007,2284.46849183131,0,"Standard_Two_step"
"37",2008,2367.3403620021,0,"Standard_Two_step"
"38",2009,2447.98260728729,0,"Standard_Two_step"
"39",2010,2560.77967071828,0,"Standard_Two_step"
"40",2011,2727.8969480573,0,"Standard_Two_step"
"41",2012,2866.65916895041,0,"Standard_Two_step"
"42",2013,2959.37360116659,0,"Standard_Two_step"
"43",2014,3057.86947983853,0,"Standard_Two_step"
"44",2015,3157.21701589071,0,"Standard_Two_step"
"45",2016,3247.24310910927,0,"Standard_Two_step"
"46",2017,3335.41406289571,0,"Standard_Two_step"
"47",2018,3429.19711100492,0,"Standard_Two_step"
"48",2019,3530.99230613367,0,"Standard_Two_step"
"49",2020,3638.18001250779,0,"Standard_Two_step"
"50",2021,3754.82061177964,0,"Standard_Two_step"
"51",2022,3755.18995701195,45.1163713697629,"Standard_Two_step"
"52",2023,3819.54975326719,82.6961270598248,"Standard_Two_step"
"53",2024,3890.724662153,117.375401213486,"Standard_Two_step"
"54",2025,3960.70920719571,146.77237875485,"Standard_Two_step"
"55",2026,4033.10890822978,174.744340392069,"Standard_Two_step"
"56",2027,4105.19260030976,211.681499607975,"Standard_Two_step"
"57",2028,4177.0391664794,247.937841817114,"Standard_Two_step"
"58",2029,4240.82981828562,284.359881590757,"Standard_Two_step"
"59",2030,4311.38128350663,313.775684897766,"Standard_Two_step"
"60",2031,4385.30251440254,341.257035605804,"Standard_Two_step"
"61",2032,4437.26684403136,375.510362590316,"Standard_Two_step"
"62",2033,4479.07059196486,404.586908793862,"Standard_Two_step"
"63",2034,4524.49076218804,430.373679400228,"Standard_Two_step"
"64",2035,4556.97396373064,448.577528071839,"Standard_Two_step"
"65",2036,4595.77652039294,463.340294707152,"Standard_Two_step"
"66",2037,4636.60515555246,489.725335855146,"Standard_Two_step"
"67",2038,4671.26373915417,506.293952100668,"Standard_Two_step"
"68",2039,4690.69687248583,529.468273506709,"Standard_Two_step"
"69",2040,4721.61686886623,547.757981329307,"Standard_Two_step"
"70",2041,4739.36628549194,568.476391138395,"Standard_Two_step"
"71",2042,4756.37812743532,577.98201899194,"Standard_Two_step"
"72",2043,4774.25628814095,585.874780236135,"Standard_Two_step"
"73",2044,4780.54337751627,607.35204830655,"Standard_Two_step"
"74",2045,4795.17073296525,628.317727739645,"Standard_Two_step"
"75",2046,4799.6999483687,642.673211768792,"Standard_Two_step"
"76",2047,4806.61944591853,645.564556408617,"Standard_Two_step"
"77",2048,4812.56824018291,654.732481226833,"Standard_Two_step"
"78",2049,4812.34509158064,655.435039002721,"Standard_Two_step"
"79",2050,4817.68353517234,660.565619804312,"Standard_Two_step"
"80",2051,4814.00371569094,676.765979678004,"Standard_Two_step"
"81",2052,4816.74099483406,682.819965823524,"Standard_Two_step"
"82",2053,4821.78971303805,698.993248716617,"Standard_Two_step"
"83",2054,4829.41548490328,710.536810470198,"Standard_Two_step"
"84",2055,4828.92066062548,711.11026759742,"Standard_Two_step"
"85",2056,4819.30974909316,713.62581758244,"Standard_Two_step"
"86",2057,4812.32479305486,723.043631013517,"Standard_Two_step"
"87",2058,4803.91032127957,736.982549626379,"Standard_Two_step"
"88",2059,4800.60292346623,750.212998531686,"Standard_Two_step"
"89",2060,4794.00888964887,763.733707306162,"Standard_Two_step"
"90",2061,4779.73266957597,773.596840046752,"Standard_Two_step"
"91",2062,4765.33607751932,786.140492816978,"Standard_Two_step"
"92",2063,4741.35051878249,784.432441365809,"Standard_Two_step"
"93",2064,4725.64443691779,787.70644995114,"Standard_Two_step"
"94",2065,4711.57035550074,785.620537936803,"Standard_Two_step"
"95",2066,4700.70869021398,790.065712432509,"Standard_Two_step"
"96",2067,4694.50026934908,795.534311698571,"Standard_Two_step"
"97",2068,4688.84396311292,800.972152320735,"Standard_Two_step"
"98",2069,4663.62933962694,804.85144665264,"Standard_Two_step"
"99",2070,4649.36990704229,808.202214532894,"Standard_Two_step"
"100",2071,4635.98347490692,816.61642050117,"Standard_Two_step"
"101",2072,4624.86030909039,819.098780055083,"Standard_Two_step"
"102",2073,4612.37281009062,809.635481439031,"Standard_Two_step"
"103",2074,4597.5053046334,814.361080806731,"Standard_Two_step"
"104",2075,4586.8038977913,811.239926591312,"Standard_Two_step"
"105",2076,4575.51025259148,809.728378450673,"Standard_Two_step"
"106",2077,4566.04224003286,813.771780057929,"Standard_Two_step"
"107",2078,4551.20524556742,815.908138885058,"Standard_Two_step"
"108",2079,4543.20678348116,819.699905816272,"Standard_Two_step"
"109",2080,4531.70197628518,825.539993324521,"Standard_Two_step"
"110",2081,4515.99951946825,834.489410854162,"Standard_Two_step"
"111",2082,4506.8428789464,838.775992674373,"Standard_Two_step"
"112",2083,4492.93216179378,829.144298506755,"Standard_Two_step"
"113",2084,4491.18855698648,828.336841876692,"Standard_Two_step"
"114",2085,4476.62159682273,823.107946525973,"Standard_Two_step"
"115",2086,4467.28481666842,825.062285817863,"Standard_Two_step"
"116",2087,4461.59814406798,823.351782518667,"Standard_Two_step"
"117",2088,4458.16718881863,823.464312935555,"Standard_Two_step"
"118",2089,4448.86227203719,827.535703786186,"Standard_Two_step"
"119",2090,4437.28891282416,824.574638141133,"Standard_Two_step"
"120",2091,4425.67907302587,823.255919689989,"Standard_Two_step"
"121",2092,4418.09401688752,818.362246720219,"Standard_Two_step"
"122",2093,4410.12084110064,820.765700467058,"Standard_Two_step"
"123",2094,4411.1218110465,825.404557646081,"Standard_Two_step"
"124",2095,4403.69023195445,821.256125981783,"Standard_Two_step"
"125",1972,8602.61639380398,0,"Precautionary_Two_step"
"126",1973,8735.79761309407,0,"Precautionary_Two_step"
"127",1974,8985.38525182902,0,"Precautionary_Two_step"
"128",1975,9121.6683342313,0,"Precautionary_Two_step"
"129",1976,9018.29462905417,0,"Precautionary_Two_step"
"130",1977,9135.72116042586,0,"Precautionary_Two_step"
"131",1978,9324.39105900461,0,"Precautionary_Two_step"
"132",1979,9156.99369983194,0,"Precautionary_Two_step"
"133",1980,8770.94611836138,0,"Precautionary_Two_step"
"134",1981,8099.591219785,0,"Precautionary_Two_step"
"135",1982,7301.01651458699,0,"Precautionary_Two_step"
"136",1983,6964.03087214535,0,"Precautionary_Two_step"
"137",1984,6912.66133269455,0,"Precautionary_Two_step"
"138",1985,6732.16067774403,0,"Precautionary_Two_step"
"139",1986,6486.97652142287,0,"Precautionary_Two_step"
"140",1987,6467.72222213879,0,"Precautionary_Two_step"
"141",1988,6303.50756578306,0,"Precautionary_Two_step"
"142",1989,5902.40550847254,0,"Precautionary_Two_step"
"143",1990,5495.97449378872,0,"Precautionary_Two_step"
"144",1991,4947.54160976553,0,"Precautionary_Two_step"
"145",1992,4232.75162025304,0,"Precautionary_Two_step"
"146",1993,3509.58575365169,0,"Precautionary_Two_step"
"147",1994,2959.5215401605,0,"Precautionary_Two_step"
"148",1995,2615.8353721331,0,"Precautionary_Two_step"
"149",1996,2343.3152075465,0,"Precautionary_Two_step"
"150",1997,2147.18719578987,0,"Precautionary_Two_step"
"151",1998,2036.15283439433,0,"Precautionary_Two_step"
"152",1999,1980.31033910442,0,"Precautionary_Two_step"
"153",2000,1981.25007482241,0,"Precautionary_Two_step"
"154",2001,2004.96705144711,0,"Precautionary_Two_step"
"155",2002,2038.4440818501,0,"Precautionary_Two_step"
"156",2003,2077.73234621979,0,"Precautionary_Two_step"
"157",2004,2109.01004504198,0,"Precautionary_Two_step"
"158",2005,2144.98379636881,0,"Precautionary_Two_step"
"159",2006,2202.25497996192,0,"Precautionary_Two_step"
"160",2007,2284.46849183131,0,"Precautionary_Two_step"
"161",2008,2367.3403620021,0,"Precautionary_Two_step"
"162",2009,2447.98260728729,0,"Precautionary_Two_step"
"163",2010,2560.77967071828,0,"Precautionary_Two_step"
"164",2011,2727.8969480573,0,"Precautionary_Two_step"
"165",2012,2866.65916895041,0,"Precautionary_Two_step"
"166",2013,2959.37360116659,0,"Precautionary_Two_step"
"167",2014,3057.86947983853,0,"Precautionary_Two_step"
"168",2015,3157.21701589071,0,"Precautionary_Two_step"
"169",2016,3247.24310910927,0,"Precautionary_Two_step"
"170",2017,3335.41406289571,0,"Precautionary_Two_step"
"171",2018,3429.19711100492,0,"Precautionary_Two_step"
"172",2019,3530.99230613367,0,"Precautionary_Two_step"
"173",2020,3638.18001250779,0,"Precautionary_Two_step"
"174",2021,3765.10742405994,0,"Precautionary_Two_step"
"175",2022,3815.61186980773,37.83461367752,"Precautionary_Two_step"
"176",2023,3913.31557138986,61.443428838356,"Precautionary_Two_step"
"177",2024,4023.43005379723,76.9224771921891,"Precautionary_Two_step"
"178",2025,4141.92926725457,93.0531102157482,"Precautionary_Two_step"
"179",2026,4253.65007683008,108.429143563305,"Precautionary_Two_step"
"180",2027,4367.31965732601,127.536616610241,"Precautionary_Two_step"
"181",2028,4469.12121585343,142.206626519473,"Precautionary_Two_step"
"182",2029,4570.34227910824,156.461602158446,"Precautionary_Two_step"
"183",2030,4669.78399715621,177.169001602797,"Precautionary_Two_step"
"184",2031,4772.41956784354,195.923836749509,"Precautionary_Two_step"
"185",2032,4867.92822251109,215.1457904597,"Precautionary_Two_step"
"186",2033,4952.02120888077,233.455931607591,"Precautionary_Two_step"
"187",2034,5032.75246796263,250.544770021592,"Precautionary_Two_step"
"188",2035,5120.16936870739,266.873575999113,"Precautionary_Two_step"
"189",2036,5197.97404550017,292.722503130581,"Precautionary_Two_step"
"190",2037,5269.50172788736,310.50344101224,"Precautionary_Two_step"
"191",2038,5333.36950899711,325.316245689742,"Precautionary_Two_step"
"192",2039,5391.29678403563,335.81252884579,"Precautionary_Two_step"
"193",2040,5435.73806818943,341.272505489035,"Precautionary_Two_step"
"194",2041,5479.64425369457,348.326895901725,"Precautionary_Two_step"
"195",2042,5522.47421326482,366.401651655183,"Precautionary_Two_step"
"196",2043,5552.00477847797,388.796387160956,"Precautionary_Two_step"
"197",2044,5585.45719322738,417.963987481154,"Precautionary_Two_step"
"198",2045,5604.54346957353,431.314157201415,"Precautionary_Two_step"
"199",2046,5624.47630715404,453.976335817635,"Precautionary_Two_step"
"200",2047,5648.16487184875,466.415288706605,"Precautionary_Two_step"
"201",2048,5658.46032290137,486.815329348354,"Precautionary_Two_step"
"202",2049,5662.84547302273,498.193077396377,"Precautionary_Two_step"
"203",2050,5672.13099909181,513.854314530015,"Precautionary_Two_step"
"204",2051,5673.37771994008,534.163232874315,"Precautionary_Two_step"
"205",2052,5680.38824773491,540.614681238771,"Precautionary_Two_step"
"206",2053,5697.02790033371,549.414012714512,"Precautionary_Two_step"
"207",2054,5698.52697521742,552.107446038307,"Precautionary_Two_step"
"208",2055,5700.36381949888,561.597620982503,"Precautionary_Two_step"
"209",2056,5703.57243805548,563.579612575432,"Precautionary_Two_step"
"210",2057,5703.26015644481,574.526477048775,"Precautionary_Two_step"
"211",2058,5703.80651183919,578.874368931393,"Precautionary_Two_step"
"212",2059,5708.37508450405,577.27319718643,"Precautionary_Two_step"
"213",2060,5713.39968766785,579.310386984137,"Precautionary_Two_step"
"214",2061,5708.01060180195,577.849852327593,"Precautionary_Two_step"
"215",2062,5701.98438502191,590.944289869907,"Precautionary_Two_step"
"216",2063,5695.5380609735,601.579078770939,"Precautionary_Two_step"
"217",2064,5691.55772920893,615.528471763197,"Precautionary_Two_step"
"218",2065,5681.46455166902,621.359856659961,"Precautionary_Two_step"
"219",2066,5672.63361985659,628.631963130994,"Precautionary_Two_step"
"220",2067,5662.73643622637,628.820122965127,"Precautionary_Two_step"
"221",2068,5657.59569854303,634.378394822033,"Precautionary_Two_step"
"222",2069,5638.65573164211,629.254876797818,"Precautionary_Two_step"
"223",2070,5615.88846043589,626.968959272786,"Precautionary_Two_step"
"224",2071,5602.57701547048,635.490810856164,"Precautionary_Two_step"
"225",2072,5587.01342364371,632.880182615062,"Precautionary_Two_step"
"226",2073,5573.13367448784,636.647766600185,"Precautionary_Two_step"
"227",2074,5566.67470245927,647.461893267044,"Precautionary_Two_step"
"228",2075,5559.0848370797,648.590865638296,"Precautionary_Two_step"
"229",2076,5551.46707029204,644.85639949696,"Precautionary_Two_step"
"230",2077,5549.64207691869,649.922039672032,"Precautionary_Two_step"
"231",2078,5539.23596398001,659.995523200527,"Precautionary_Two_step"
"232",2079,5525.84510846021,670.355459037943,"Precautionary_Two_step"
"233",2080,5507.64190436301,675.443321421376,"Precautionary_Two_step"
"234",2081,5502.56036280832,690.461129282473,"Precautionary_Two_step"
"235",2082,5494.45094216106,699.025616053256,"Precautionary_Two_step"
"236",2083,5486.18002379632,705.891748612072,"Precautionary_Two_step"
"237",2084,5480.61931375067,705.663428457913,"Precautionary_Two_step"
"238",2085,5468.65166683648,707.871245610428,"Precautionary_Two_step"
"239",2086,5459.61304080291,703.7839950067,"Precautionary_Two_step"
"240",2087,5448.21391236327,722.623543311154,"Precautionary_Two_step"
"241",2088,5432.69827832384,718.004750046662,"Precautionary_Two_step"
"242",2089,5423.51843447169,726.524170187492,"Precautionary_Two_step"
"243",2090,5411.92312688506,721.572706032044,"Precautionary_Two_step"
"244",2091,5402.11051678587,727.040246238629,"Precautionary_Two_step"
"245",2092,5397.13691796323,723.516668358877,"Precautionary_Two_step"
"246",2093,5384.75506455574,721.707669682352,"Precautionary_Two_step"
"247",2094,5368.39497933526,720.228279749869,"Precautionary_Two_step"
"248",2095,5361.36309263601,725.022148367836,"Precautionary_Two_step"
"249",1972,8602.61639380398,0,"Hyper-precautionary_Two_step"
"250",1973,8735.79761309407,0,"Hyper-precautionary_Two_step"
"251",1974,8985.38525182902,0,"Hyper-precautionary_Two_step"
"252",1975,9121.6683342313,0,"Hyper-precautionary_Two_step"
"253",1976,9018.29462905417,0,"Hyper-precautionary_Two_step"
"254",1977,9135.72116042586,0,"Hyper-precautionary_Two_step"
"255",1978,9324.39105900461,0,"Hyper-precautionary_Two_step"
"256",1979,9156.99369983194,0,"Hyper-precautionary_Two_step"
"257",1980,8770.94611836138,0,"Hyper-precautionary_Two_step"
"258",1981,8099.591219785,0,"Hyper-precautionary_Two_step"
"259",1982,7301.01651458699,0,"Hyper-precautionary_Two_step"
"260",1983,6964.03087214535,0,"Hyper-precautionary_Two_step"
"261",1984,6912.66133269455,0,"Hyper-precautionary_Two_step"
"262",1985,6732.16067774403,0,"Hyper-precautionary_Two_step"
"263",1986,6486.97652142287,0,"Hyper-precautionary_Two_step"
"264",1987,6467.72222213879,0,"Hyper-precautionary_Two_step"
"265",1988,6303.50756578306,0,"Hyper-precautionary_Two_step"
"266",1989,5902.40550847254,0,"Hyper-precautionary_Two_step"
"267",1990,5495.97449378872,0,"Hyper-precautionary_Two_step"
"268",1991,4947.54160976553,0,"Hyper-precautionary_Two_step"
"269",1992,4232.75162025304,0,"Hyper-precautionary_Two_step"
"270",1993,3509.58575365169,0,"Hyper-precautionary_Two_step"
"271",1994,2959.5215401605,0,"Hyper-precautionary_Two_step"
"272",1995,2615.8353721331,0,"Hyper-precautionary_Two_step"
"273",1996,2343.3152075465,0,"Hyper-precautionary_Two_step"
"274",1997,2147.18719578987,0,"Hyper-precautionary_Two_step"
"275",1998,2036.15283439433,0,"Hyper-precautionary_Two_step"
"276",1999,1980.31033910442,0,"Hyper-precautionary_Two_step"
"277",2000,1981.25007482241,0,"Hyper-precautionary_Two_step"
"278",2001,2004.96705144711,0,"Hyper-precautionary_Two_step"
"279",2002,2038.4440818501,0,"Hyper-precautionary_Two_step"
"280",2003,2077.73234621979,0,"Hyper-precautionary_Two_step"
"281",2004,2109.01004504198,0,"Hyper-precautionary_Two_step"
"282",2005,2144.98379636881,0,"Hyper-precautionary_Two_step"
"283",2006,2202.25497996192,0,"Hyper-precautionary_Two_step"
"284",2007,2284.46849183131,0,"Hyper-precautionary_Two_step"
"285",2008,2367.3403620021,0,"Hyper-precautionary_Two_step"
"286",2009,2447.98260728729,0,"Hyper-precautionary_Two_step"
"287",2010,2560.77967071828,0,"Hyper-precautionary_Two_step"
"288",2011,2727.8969480573,0,"Hyper-precautionary_Two_step"
"289",2012,2866.65916895041,0,"Hyper-precautionary_Two_step"
"290",2013,2959.37360116659,0,"Hyper-precautionary_Two_step"
"291",2014,3057.86947983853,0,"Hyper-precautionary_Two_step"
"292",2015,3157.21701589071,0,"Hyper-precautionary_Two_step"
"293",2016,3247.24310910927,0,"Hyper-precautionary_Two_step"
"294",2017,3335.41406289571,0,"Hyper-precautionary_Two_step"
"295",2018,3429.19711100492,0,"Hyper-precautionary_Two_step"
"296",2019,3530.99230613367,0,"Hyper-precautionary_Two_step"
"297",2020,3638.18001250779,0,"Hyper-precautionary_Two_step"
"298",2021,3770.25083020009,0,"Hyper-precautionary_Two_step"
"299",2022,3835.15673903924,40.5534294862003,"Hyper-precautionary_Two_step"
"300",2023,3952.57352725541,64.9853323546226,"Hyper-precautionary_Two_step"
"301",2024,4077.76452849806,83.2232699232044,"Hyper-precautionary_Two_step"
"302",2025,4203.59930637645,95.1197619649475,"Hyper-precautionary_Two_step"
"303",2026,4325.45234130274,105.263791432271,"Hyper-precautionary_Two_step"
"304",2027,4444.68550098845,117.664106972827,"Hyper-precautionary_Two_step"
"305",2028,4560.06260116899,135.918332247305,"Hyper-precautionary_Two_step"
"306",2029,4680.12456109705,156.469291868222,"Hyper-precautionary_Two_step"
"307",2030,4799.8314128953,172.228254209552,"Hyper-precautionary_Two_step"
"308",2031,4906.38096414042,189.273608752335,"Hyper-precautionary_Two_step"
"309",2032,5024.78035280718,205.585172056938,"Hyper-precautionary_Two_step"
"310",2033,5137.54454140188,229.780820406692,"Hyper-precautionary_Two_step"
"311",2034,5234.52156676458,243.32264795445,"Hyper-precautionary_Two_step"
"312",2035,5336.16882476233,261.000153680606,"Hyper-precautionary_Two_step"
"313",2036,5428.69339625563,286.233521263809,"Hyper-precautionary_Two_step"
"314",2037,5519.51909753424,298.875369643191,"Hyper-precautionary_Two_step"
"315",2038,5601.69032621924,311.858742574094,"Hyper-precautionary_Two_step"
"316",2039,5676.37427389065,332.878576116095,"Hyper-precautionary_Two_step"
"317",2040,5755.85383778963,341.396733687412,"Hyper-precautionary_Two_step"
"318",2041,5822.9376793566,363.273907348514,"Hyper-precautionary_Two_step"
"319",2042,5889.3315703616,360.64008983591,"Hyper-precautionary_Two_step"
"320",2043,5941.43046639779,367.385917558868,"Hyper-precautionary_Two_step"
"321",2044,6001.01354907912,378.877188863558,"Hyper-precautionary_Two_step"
"322",2045,6051.25499636003,388.702152829002,"Hyper-precautionary_Two_step"
"323",2046,6098.01651399496,395.575870794714,"Hyper-precautionary_Two_step"
"324",2047,6142.67793330139,404.477787145747,"Hyper-precautionary_Two_step"
"325",2048,6180.27327613776,423.460494203118,"Hyper-precautionary_Two_step"
"326",2049,6210.39924898696,433.656774707711,"Hyper-precautionary_Two_step"
"327",2050,6246.94433754111,458.264482700254,"Hyper-precautionary_Two_step"
"328",2051,6283.6228823987,482.184000341775,"Hyper-precautionary_Two_step"
"329",2052,6317.16001098833,490.920510307428,"Hyper-precautionary_Two_step"
"330",2053,6344.86964083967,519.635453533446,"Hyper-precautionary_Two_step"
"331",2054,6372.56379356374,535.49118303182,"Hyper-precautionary_Two_step"
"332",2055,6403.46222198627,542.435337306747,"Hyper-precautionary_Two_step"
"333",2056,6423.09613496042,547.318890193715,"Hyper-precautionary_Two_step"
"334",2057,6444.45808921174,558.378728555895,"Hyper-precautionary_Two_step"
"335",2058,6468.48322743633,567.255317304964,"Hyper-precautionary_Two_step"
"336",2059,6485.22520941174,561.342722052902,"Hyper-precautionary_Two_step"
"337",2060,6499.26566509517,572.59240449664,"Hyper-precautionary_Two_step"
"338",2061,6505.97290778276,570.768187346269,"Hyper-precautionary_Two_step"
"339",2062,6515.01343046165,580.853151223211,"Hyper-precautionary_Two_step"
"340",2063,6521.52066253302,592.844084170368,"Hyper-precautionary_Two_step"
"341",2064,6525.77265266706,599.237979421172,"Hyper-precautionary_Two_step"
"342",2065,6536.91956202148,603.903828556566,"Hyper-precautionary_Two_step"
"343",2066,6540.9928289671,611.345166319016,"Hyper-precautionary_Two_step"
"344",2067,6539.49581276836,619.055902207281,"Hyper-precautionary_Two_step"
"345",2068,6522.5548164278,621.561736573829,"Hyper-precautionary_Two_step"
"346",2069,6520.99074116386,629.654296733692,"Hyper-precautionary_Two_step"
"347",2070,6521.24857465484,636.529602529504,"Hyper-precautionary_Two_step"
"348",2071,6517.61536702796,655.06489599377,"Hyper-precautionary_Two_step"
"349",2072,6519.69921573821,664.710666110492,"Hyper-precautionary_Two_step"
"350",2073,6507.87150894533,667.11562033226,"Hyper-precautionary_Two_step"
"351",2074,6507.45961518947,675.03657751877,"Hyper-precautionary_Two_step"
"352",2075,6508.53934134467,679.915396550055,"Hyper-precautionary_Two_step"
"353",2076,6508.10269353911,685.289104011941,"Hyper-precautionary_Two_step"
"354",2077,6507.31621763543,687.117662670679,"Hyper-precautionary_Two_step"
"355",2078,6510.35930097916,698.574163453024,"Hyper-precautionary_Two_step"
"356",2079,6502.64773671736,699.992144552284,"Hyper-precautionary_Two_step"
"357",2080,6499.38382621912,700.911082486975,"Hyper-precautionary_Two_step"
"358",2081,6496.51106337769,713.365494362856,"Hyper-precautionary_Two_step"
"359",2082,6497.52483449479,715.644192337555,"Hyper-precautionary_Two_step"
"360",2083,6499.8549988721,722.411907874036,"Hyper-precautionary_Two_step"
"361",2084,6493.49666647476,718.331636848727,"Hyper-precautionary_Two_step"
"362",2085,6481.53607225642,720.288603418637,"Hyper-precautionary_Two_step"
"363",2086,6481.04723912881,729.460669979451,"Hyper-precautionary_Two_step"
"364",2087,6477.06704774298,735.649482656879,"Hyper-precautionary_Two_step"
"365",2088,6471.67964413446,741.059865467812,"Hyper-precautionary_Two_step"
"366",2089,6461.9408167348,740.112939447544,"Hyper-precautionary_Two_step"
"367",2090,6449.53113889395,745.869165162888,"Hyper-precautionary_Two_step"
"368",2091,6439.14604803004,736.502058874661,"Hyper-precautionary_Two_step"
"369",2092,6439.27745653862,731.317063248246,"Hyper-precautionary_Two_step"
"370",2093,6442.41969034428,739.286152269725,"Hyper-precautionary_Two_step"
"371",2094,6427.67563645022,749.564631967076,"Hyper-precautionary_Two_step"
"372",2095,6419.29893227982,751.733515092661,"Hyper-precautionary_Two_step"
"373",1972,8602.61639380398,0,"Standard_Three_step"
"374",1973,8735.79761309407,0,"Standard_Three_step"
"375",1974,8985.38525182902,0,"Standard_Three_step"
"376",1975,9121.6683342313,0,"Standard_Three_step"
"377",1976,9018.29462905417,0,"Standard_Three_step"
"378",1977,9135.72116042586,0,"Standard_Three_step"
"379",1978,9324.39105900461,0,"Standard_Three_step"
"380",1979,9156.99369983194,0,"Standard_Three_step"
"381",1980,8770.94611836138,0,"Standard_Three_step"
"382",1981,8099.591219785,0,"Standard_Three_step"
"383",1982,7301.01651458699,0,"Standard_Three_step"
"384",1983,6964.03087214535,0,"Standard_Three_step"
"385",1984,6912.66133269455,0,"Standard_Three_step"
"386",1985,6732.16067774403,0,"Standard_Three_step"
"387",1986,6486.97652142287,0,"Standard_Three_step"
"388",1987,6467.72222213879,0,"Standard_Three_step"
"389",1988,6303.50756578306,0,"Standard_Three_step"
"390",1989,5902.40550847254,0,"Standard_Three_step"
"391",1990,5495.97449378872,0,"Standard_Three_step"
"392",1991,4947.54160976553,0,"Standard_Three_step"
"393",1992,4232.75162025304,0,"Standard_Three_step"
"394",1993,3509.58575365169,0,"Standard_Three_step"
"395",1994,2959.5215401605,0,"Standard_Three_step"
"396",1995,2615.8353721331,0,"Standard_Three_step"
"397",1996,2343.3152075465,0,"Standard_Three_step"
"398",1997,2147.18719578987,0,"Standard_Three_step"
"399",1998,2036.15283439433,0,"Standard_Three_step"
"400",1999,1980.31033910442,0,"Standard_Three_step"
"401",2000,1981.25007482241,0,"Standard_Three_step"
"402",2001,2004.96705144711,0,"Standard_Three_step"
"403",2002,2038.4440818501,0,"Standard_Three_step"
"404",2003,2077.73234621979,0,"Standard_Three_step"
"405",2004,2109.01004504198,0,"Standard_Three_step"
"406",2005,2144.98379636881,0,"Standard_Three_step"
"407",2006,2202.25497996192,0,"Standard_Three_step"
"408",2007,2284.46849183131,0,"Standard_Three_step"
"409",2008,2367.3403620021,0,"Standard_Three_step"
"410",2009,2447.98260728729,0,"Standard_Three_step"
"411",2010,2560.77967071828,0,"Standard_Three_step"
"412",2011,2727.8969480573,0,"Standard_Three_step"
"413",2012,2866.65916895041,0,"Standard_Three_step"
"414",2013,2959.37360116659,0,"Standard_Three_step"
"415",2014,3057.86947983853,0,"Standard_Three_step"
"416",2015,3157.21701589071,0,"Standard_Three_step"
"417",2016,3247.24310910927,0,"Standard_Three_step"
"418",2017,3335.41406289571,0,"Standard_Three_step"
"419",2018,3429.19711100492,0,"Standard_Three_step"
"420",2019,3530.99230613367,0,"Standard_Three_step"
"421",2020,3638.18001250779,0,"Standard_Three_step"
"422",2021,3687.02603089174,0,"Standard_Three_step"
"423",2022,3683.59044938762,43.9161069744431,"Standard_Three_step"
"424",2023,3714.81498444161,76.6448898449124,"Standard_Three_step"
"425",2024,3749.40020675011,100.60196069121,"Standard_Three_step"
"426",2025,3782.0349961122,125.183753177308,"Standard_Three_step"
"427",2026,3821.89632928922,156.336679350678,"Standard_Three_step"
"428",2027,3850.18764661726,188.669969432222,"Standard_Three_step"
"429",2028,3878.90794518409,223.309017689737,"Standard_Three_step"
"430",2029,3905.79095594335,245.813263049685,"Standard_Three_step"
"431",2030,3939.14611096517,268.386538359616,"Standard_Three_step"
"432",2031,3973.68885364241,289.042810431553,"Standard_Three_step"
"433",2032,3993.18185965876,303.518446070727,"Standard_Three_step"
"434",2033,4012.34369590842,323.496934220059,"Standard_Three_step"
"435",2034,4035.6516807262,345.01359359226,"Standard_Three_step"
"436",2035,4059.38738293172,371.73204786115,"Standard_Three_step"
"437",2036,4082.10174597953,398.094114331883,"Standard_Three_step"
"438",2037,4106.68763196183,426.33846378911,"Standard_Three_step"
"439",2038,4124.47959143301,445.893027410763,"Standard_Three_step"
"440",2039,4141.17518896664,461.250656800869,"Standard_Three_step"
"441",2040,4158.5317037567,477.167231189881,"Standard_Three_step"
"442",2041,4173.09973343589,494.654731991661,"Standard_Three_step"
"443",2042,4179.10111571341,513.84189551086,"Standard_Three_step"
"444",2043,4192.30306264886,522.852786297556,"Standard_Three_step"
"445",2044,4201.80420151357,538.950655725805,"Standard_Three_step"
"446",2045,4206.74514071101,550.63279241525,"Standard_Three_step"
"447",2046,4215.54104807193,562.676698265881,"Standard_Three_step"
"448",2047,4222.29606689328,581.355575908167,"Standard_Three_step"
"449",2048,4228.40482050228,600.27201160912,"Standard_Three_step"
"450",2049,4233.43584865256,613.840013321402,"Standard_Three_step"
"451",2050,4234.71233274631,628.606194735929,"Standard_Three_step"
"452",2051,4242.87890860527,643.990516440817,"Standard_Three_step"
"453",2052,4245.30612045254,661.994069679378,"Standard_Three_step"
"454",2053,4250.47000364084,665.37326243194,"Standard_Three_step"
"455",2054,4257.76513663088,674.586772287628,"Standard_Three_step"
"456",2055,4261.7816249047,684.564176770395,"Standard_Three_step"
"457",2056,4259.28059119489,697.589898538972,"Standard_Three_step"
"458",2057,4256.64458234916,703.762214803407,"Standard_Three_step"
"459",2058,4254.87770930513,708.289384096532,"Standard_Three_step"
"460",2059,4250.19257442072,720.705333649897,"Standard_Three_step"
"461",2060,4244.05511755078,725.925894259128,"Standard_Three_step"
"462",2061,4243.96933215958,734.21235965289,"Standard_Three_step"
"463",2062,4242.6173866498,747.999682112846,"Standard_Three_step"
"464",2063,4240.96352356181,767.192981952836,"Standard_Three_step"
"465",2064,4232.57461624763,775.947135555984,"Standard_Three_step"
"466",2065,4230.90730544476,784.95656175094,"Standard_Three_step"
"467",2066,4230.9980028352,790.947381181935,"Standard_Three_step"
"468",2067,4223.57766277585,805.175585138187,"Standard_Three_step"
"469",2068,4216.28991459868,818.847857411679,"Standard_Three_step"
"470",2069,4207.71035046568,827.211036237784,"Standard_Three_step"
"471",2070,4199.33205936023,839.780660753868,"Standard_Three_step"
"472",2071,4196.84764192353,845.086520476017,"Standard_Three_step"
"473",2072,4196.02856430936,851.825651055017,"Standard_Three_step"
"474",2073,4184.0182602796,856.883979106084,"Standard_Three_step"
"475",2074,4167.59764013601,859.226303596605,"Standard_Three_step"
"476",2075,4165.19260867815,866.003263047842,"Standard_Three_step"
"477",2076,4166.26897472691,869.14326688705,"Standard_Three_step"
"478",2077,4169.34296398829,871.703302425549,"Standard_Three_step"
"479",2078,4158.35815094737,877.631369899569,"Standard_Three_step"
"480",2079,4154.67168811619,871.352934719154,"Standard_Three_step"
"481",2080,4151.11954498309,882.151701620241,"Standard_Three_step"
"482",2081,4141.8828627004,882.104758343941,"Standard_Three_step"
"483",2082,4131.75756060246,880.584669178664,"Standard_Three_step"
"484",2083,4123.67117806591,870.343058146707,"Standard_Three_step"
"485",2084,4111.72012840644,875.033892528483,"Standard_Three_step"
"486",2085,4090.17857788694,862.660593014445,"Standard_Three_step"
"487",2086,4082.99967216847,865.608089782856,"Standard_Three_step"
"488",2087,4074.44292519135,869.691652032534,"Standard_Three_step"
"489",2088,4063.43286042105,873.790083464332,"Standard_Three_step"
"490",2089,4051.24963831307,872.649253576852,"Standard_Three_step"
"491",2090,4042.36306866551,874.699215970495,"Standard_Three_step"
"492",2091,4031.22567062747,881.198828240149,"Standard_Three_step"
"493",2092,4025.02219436285,874.853910890972,"Standard_Three_step"
"494",2093,4020.00133094495,873.182924255877,"Standard_Three_step"
"495",2094,4010.98695096397,883.93837075928,"Standard_Three_step"
"496",2095,4000.90980465949,889.103175395745,"Standard_Three_step"
"497",1972,8602.61639380398,0,"Precautionary_Three_step"
"498",1973,8735.79761309407,0,"Precautionary_Three_step"
"499",1974,8985.38525182902,0,"Precautionary_Three_step"
"500",1975,9121.6683342313,0,"Precautionary_Three_step"
"501",1976,9018.29462905417,0,"Precautionary_Three_step"
"502",1977,9135.72116042586,0,"Precautionary_Three_step"
"503",1978,9324.39105900461,0,"Precautionary_Three_step"
"504",1979,9156.99369983194,0,"Precautionary_Three_step"
"505",1980,8770.94611836138,0,"Precautionary_Three_step"
"506",1981,8099.591219785,0,"Precautionary_Three_step"
"507",1982,7301.01651458699,0,"Precautionary_Three_step"
"508",1983,6964.03087214535,0,"Precautionary_Three_step"
"509",1984,6912.66133269455,0,"Precautionary_Three_step"
"510",1985,6732.16067774403,0,"Precautionary_Three_step"
"511",1986,6486.97652142287,0,"Precautionary_Three_step"
"512",1987,6467.72222213879,0,"Precautionary_Three_step"
"513",1988,6303.50756578306,0,"Precautionary_Three_step"
"514",1989,5902.40550847254,0,"Precautionary_Three_step"
"515",1990,5495.97449378872,0,"Precautionary_Three_step"
"516",1991,4947.54160976553,0,"Precautionary_Three_step"
"517",1992,4232.75162025304,0,"Precautionary_Three_step"
"518",1993,3509.58575365169,0,"Precautionary_Three_step"
"519",1994,2959.5215401605,0,"Precautionary_Three_step"
"520",1995,2615.8353721331,0,"Precautionary_Three_step"
"521",1996,2343.3152075465,0,"Precautionary_Three_step"
"522",1997,2147.18719578987,0,"Precautionary_Three_step"
"523",1998,2036.15283439433,0,"Precautionary_Three_step"
"524",1999,1980.31033910442,0,"Precautionary_Three_step"
"525",2000,1981.25007482241,0,"Precautionary_Three_step"
"526",2001,2004.96705144711,0,"Precautionary_Three_step"
"527",2002,2038.4440818501,0,"Precautionary_Three_step"
"528",2003,2077.73234621979,0,"Precautionary_Three_step"
"529",2004,2109.01004504198,0,"Precautionary_Three_step"
"530",2005,2144.98379636881,0,"Precautionary_Three_step"
"531",2006,2202.25497996192,0,"Precautionary_Three_step"
"532",2007,2284.46849183131,0,"Precautionary_Three_step"
"533",2008,2367.3403620021,0,"Precautionary_Three_step"
"534",2009,2447.98260728729,0,"Precautionary_Three_step"
"535",2010,2560.77967071828,0,"Precautionary_Three_step"
"536",2011,2727.8969480573,0,"Precautionary_Three_step"
"537",2012,2866.65916895041,0,"Precautionary_Three_step"
"538",2013,2959.37360116659,0,"Precautionary_Three_step"
"539",2014,3057.86947983853,0,"Precautionary_Three_step"
"540",2015,3157.21701589071,0,"Precautionary_Three_step"
"541",2016,3247.24310910927,0,"Precautionary_Three_step"
"542",2017,3335.41406289571,0,"Precautionary_Three_step"
"543",2018,3429.19711100492,0,"Precautionary_Three_step"
"544",2019,3530.99230613367,0,"Precautionary_Three_step"
"545",2020,3638.18001250779,0,"Precautionary_Three_step"
"546",2021,3687.02603089174,0,"Precautionary_Three_step"
"547",2022,3683.49928421766,36.964531008157,"Precautionary_Three_step"
"548",2023,3709.1817354551,68.9347554242726,"Precautionary_Three_step"
"549",2024,3747.50745035098,101.826972966884,"Precautionary_Three_step"
"550",2025,3779.26294564477,119.290509211053,"Precautionary_Three_step"
"551",2026,3815.07777254171,151.526792005483,"Precautionary_Three_step"
"552",2027,3840.04352092315,176.790730834411,"Precautionary_Three_step"
"553",2028,3864.71488814718,200.819624062192,"Precautionary_Three_step"
"554",2029,3895.41495210251,221.693377725565,"Precautionary_Three_step"
"555",2030,3914.44684565958,234.073475954914,"Precautionary_Three_step"
"556",2031,3935.1947415773,260.751693226266,"Precautionary_Three_step"
"557",2032,3960.79611787794,290.53912422891,"Precautionary_Three_step"
"558",2033,3981.20169159079,309.055658532219,"Precautionary_Three_step"
"559",2034,4000.78582668765,332.784220145517,"Precautionary_Three_step"
"560",2035,4019.93816176254,359.546173869953,"Precautionary_Three_step"
"561",2036,4034.082821932,381.713672742144,"Precautionary_Three_step"
"562",2037,4051.12379837232,406.564384128282,"Precautionary_Three_step"
"563",2038,4071.16806331994,430.947345396281,"Precautionary_Three_step"
"564",2039,4091.41871373595,438.957788523773,"Precautionary_Three_step"
"565",2040,4100.11238398801,453.406039388845,"Precautionary_Three_step"
"566",2041,4113.84710948324,474.089321334116,"Precautionary_Three_step"
"567",2042,4119.39704316,485.392594378438,"Precautionary_Three_step"
"568",2043,4126.24446069314,495.685317140416,"Precautionary_Three_step"
"569",2044,4142.0440713691,502.035977965052,"Precautionary_Three_step"
"570",2045,4150.77974499129,509.071062257707,"Precautionary_Three_step"
"571",2046,4168.62028267756,521.045356410909,"Precautionary_Three_step"
"572",2047,4172.94985886346,533.439591502304,"Precautionary_Three_step"
"573",2048,4172.72657553275,540.806980198706,"Precautionary_Three_step"
"574",2049,4171.33630712367,548.428803274847,"Precautionary_Three_step"
"575",2050,4178.68168984323,559.275708231121,"Precautionary_Three_step"
"576",2051,4190.02105404872,561.816189975719,"Precautionary_Three_step"
"577",2052,4193.880880483,568.484524788918,"Precautionary_Three_step"
"578",2053,4186.66891896241,580.008440617327,"Precautionary_Three_step"
"579",2054,4188.06587150033,586.552205565866,"Precautionary_Three_step"
"580",2055,4184.34441210495,595.662796242594,"Precautionary_Three_step"
"581",2056,4182.80056324563,598.997577538365,"Precautionary_Three_step"
"582",2057,4185.46266971193,603.029811910335,"Precautionary_Three_step"
"583",2058,4177.9861995998,606.349406730475,"Precautionary_Three_step"
"584",2059,4173.63452281563,615.145319436219,"Precautionary_Three_step"
"585",2060,4177.93719865954,614.946571528457,"Precautionary_Three_step"
"586",2061,4177.6266240991,624.036645105553,"Precautionary_Three_step"
"587",2062,4171.65947870597,634.554575075599,"Precautionary_Three_step"
"588",2063,4162.50853686736,640.541200216882,"Precautionary_Three_step"
"589",2064,4149.358486599,642.547391853199,"Precautionary_Three_step"
"590",2065,4137.74697014604,646.229294255023,"Precautionary_Three_step"
"591",2066,4123.42545846194,641.815788493064,"Precautionary_Three_step"
"592",2067,4116.54045794475,649.36291754957,"Precautionary_Three_step"
"593",2068,4100.24842111662,660.821009929921,"Precautionary_Three_step"
"594",2069,4091.00505190883,674.013721226545,"Precautionary_Three_step"
"595",2070,4076.97556326538,681.565818778694,"Precautionary_Three_step"
"596",2071,4067.04172630611,690.012630738784,"Precautionary_Three_step"
"597",2072,4061.2364772874,693.903015663751,"Precautionary_Three_step"
"598",2073,4060.02993375774,689.829239642243,"Precautionary_Three_step"
"599",2074,4044.10519839572,692.101170004611,"Precautionary_Three_step"
"600",2075,4029.94114806557,692.635058064467,"Precautionary_Three_step"
"601",2076,4020.30267042281,683.702364968668,"Precautionary_Three_step"
"602",2077,4011.29800825889,684.485544806332,"Precautionary_Three_step"
"603",2078,4006.53094100299,679.259124946719,"Precautionary_Three_step"
"604",2079,3998.63662475838,675.075973477592,"Precautionary_Three_step"
"605",2080,3989.65871564023,681.017882268671,"Precautionary_Three_step"
"606",2081,3975.14267786379,683.009723071832,"Precautionary_Three_step"
"607",2082,3964.24318652569,679.335923477822,"Precautionary_Three_step"
"608",2083,3951.39777660113,679.250582178552,"Precautionary_Three_step"
"609",2084,3936.09888772526,679.200787904217,"Precautionary_Three_step"
"610",2085,3920.87996385913,685.371785894324,"Precautionary_Three_step"
"611",2086,3909.44314379505,693.94030898502,"Precautionary_Three_step"
"612",2087,3896.37843809178,697.953684324679,"Precautionary_Three_step"
"613",2088,3899.08706023761,707.326406524825,"Precautionary_Three_step"
"614",2089,3891.75346746202,708.59788981963,"Precautionary_Three_step"
"615",2090,3881.00122822941,713.94713410138,"Precautionary_Three_step"
"616",2091,3878.40815481247,711.748543914119,"Precautionary_Three_step"
"617",2092,3868.67703661203,718.864882425948,"Precautionary_Three_step"
"618",2093,3862.4884993247,717.12698352053,"Precautionary_Three_step"
"619",2094,3855.94584572812,716.44183574072,"Precautionary_Three_step"
"620",2095,3841.87188077498,723.817489982066,"Precautionary_Three_step"
"621",1972,8602.61639380398,0,"Hyper-precautionary_Three_step"
"622",1973,8735.79761309407,0,"Hyper-precautionary_Three_step"
"623",1974,8985.38525182902,0,"Hyper-precautionary_Three_step"
"624",1975,9121.6683342313,0,"Hyper-precautionary_Three_step"
"625",1976,9018.29462905417,0,"Hyper-precautionary_Three_step"
"626",1977,9135.72116042586,0,"Hyper-precautionary_Three_step"
"627",1978,9324.39105900461,0,"Hyper-precautionary_Three_step"
"628",1979,9156.99369983194,0,"Hyper-precautionary_Three_step"
"629",1980,8770.94611836138,0,"Hyper-precautionary_Three_step"
"630",1981,8099.591219785,0,"Hyper-precautionary_Three_step"
"631",1982,7301.01651458699,0,"Hyper-precautionary_Three_step"
"632",1983,6964.03087214535,0,"Hyper-precautionary_Three_step"
"633",1984,6912.66133269455,0,"Hyper-precautionary_Three_step"
"634",1985,6732.16067774403,0,"Hyper-precautionary_Three_step"
"635",1986,6486.97652142287,0,"Hyper-precautionary_Three_step"
"636",1987,6467.72222213879,0,"Hyper-precautionary_Three_step"
"637",1988,6303.50756578306,0,"Hyper-precautionary_Three_step"
"638",1989,5902.40550847254,0,"Hyper-precautionary_Three_step"
"639",1990,5495.97449378872,0,"Hyper-precautionary_Three_step"
"640",1991,4947.54160976553,0,"Hyper-precautionary_Three_step"
"641",1992,4232.75162025304,0,"Hyper-precautionary_Three_step"
"642",1993,3509.58575365169,0,"Hyper-precautionary_Three_step"
"643",1994,2959.5215401605,0,"Hyper-precautionary_Three_step"
"644",1995,2615.8353721331,0,"Hyper-precautionary_Three_step"
"645",1996,2343.3152075465,0,"Hyper-precautionary_Three_step"
"646",1997,2147.18719578987,0,"Hyper-precautionary_Three_step"
"647",1998,2036.15283439433,0,"Hyper-precautionary_Three_step"
"648",1999,1980.31033910442,0,"Hyper-precautionary_Three_step"
"649",2000,1981.25007482241,0,"Hyper-precautionary_Three_step"
"650",2001,2004.96705144711,0,"Hyper-precautionary_Three_step"
"651",2002,2038.4440818501,0,"Hyper-precautionary_Three_step"
"652",2003,2077.73234621979,0,"Hyper-precautionary_Three_step"
"653",2004,2109.01004504198,0,"Hyper-precautionary_Three_step"
"654",2005,2144.98379636881,0,"Hyper-precautionary_Three_step"
"655",2006,2202.25497996192,0,"Hyper-precautionary_Three_step"
"656",2007,2284.46849183131,0,"Hyper-precautionary_Three_step"
"657",2008,2367.3403620021,0,"Hyper-precautionary_Three_step"
"658",2009,2447.98260728729,0,"Hyper-precautionary_Three_step"
"659",2010,2560.77967071828,0,"Hyper-precautionary_Three_step"
"660",2011,2727.8969480573,0,"Hyper-precautionary_Three_step"
"661",2012,2866.65916895041,0,"Hyper-precautionary_Three_step"
"662",2013,2959.37360116659,0,"Hyper-precautionary_Three_step"
"663",2014,3057.86947983853,0,"Hyper-precautionary_Three_step"
"664",2015,3157.21701589071,0,"Hyper-precautionary_Three_step"
"665",2016,3247.24310910927,0,"Hyper-precautionary_Three_step"
"666",2017,3335.41406289571,0,"Hyper-precautionary_Three_step"
"667",2018,3429.19711100492,0,"Hyper-precautionary_Three_step"
"668",2019,3530.99230613367,0,"Hyper-precautionary_Three_step"
"669",2020,3638.18001250779,0,"Hyper-precautionary_Three_step"
"670",2021,3687.02603089174,0,"Hyper-precautionary_Three_step"
"671",2022,3683.46411520186,41.4822595759887,"Hyper-precautionary_Three_step"
"672",2023,3713.1566375092,74.7736056479739,"Hyper-precautionary_Three_step"
"673",2024,3739.18316811954,102.472483077436,"Hyper-precautionary_Three_step"
"674",2025,3767.69462426953,126.470079453265,"Hyper-precautionary_Three_step"
"675",2026,3806.67893172135,151.139966353328,"Hyper-precautionary_Three_step"
"676",2027,3851.17675322567,183.22429301131,"Hyper-precautionary_Three_step"
"677",2028,3892.75972001025,224.991507785002,"Hyper-precautionary_Three_step"
"678",2029,3914.48018709599,255.773454434703,"Hyper-precautionary_Three_step"
"679",2030,3945.98682111869,283.244966896794,"Hyper-precautionary_Three_step"
"680",2031,3964.93230016513,308.056736901368,"Hyper-precautionary_Three_step"
"681",2032,3986.22807867481,324.922384535227,"Hyper-precautionary_Three_step"
"682",2033,4013.75063449144,342.614864021334,"Hyper-precautionary_Three_step"
"683",2034,4035.36424905098,373.427761544562,"Hyper-precautionary_Three_step"
"684",2035,4055.86262834179,400.611522465726,"Hyper-precautionary_Three_step"
"685",2036,4068.99307365076,412.79323956385,"Hyper-precautionary_Three_step"
"686",2037,4084.4485187076,426.808706519748,"Hyper-precautionary_Three_step"
"687",2038,4096.83656982802,444.894903735011,"Hyper-precautionary_Three_step"
"688",2039,4106.13477329115,461.401364971375,"Hyper-precautionary_Three_step"
"689",2040,4114.56140760199,476.687637714754,"Hyper-precautionary_Three_step"
"690",2041,4124.99103226779,486.692975373292,"Hyper-precautionary_Three_step"
"691",2042,4134.84895768435,500.882856027062,"Hyper-precautionary_Three_step"
"692",2043,4150.59463639875,509.561960637561,"Hyper-precautionary_Three_step"
"693",2044,4158.84592327698,528.643988556605,"Hyper-precautionary_Three_step"
"694",2045,4169.46427215891,551.873626984249,"Hyper-precautionary_Three_step"
"695",2046,4180.22764627092,565.568808823937,"Hyper-precautionary_Three_step"
"696",2047,4188.81931519217,591.88802315911,"Hyper-precautionary_Three_step"
"697",2048,4194.70220753029,600.644622268416,"Hyper-precautionary_Three_step"
"698",2049,4195.91612254529,618.455549528136,"Hyper-precautionary_Three_step"
"699",2050,4197.23746588464,621.445789535851,"Hyper-precautionary_Three_step"
"700",2051,4203.28668448139,633.367346529967,"Hyper-precautionary_Three_step"
"701",2052,4209.11362341328,637.600626431166,"Hyper-precautionary_Three_step"
"702",2053,4204.18747685061,648.718861813038,"Hyper-precautionary_Three_step"
"703",2054,4196.19285965132,653.466688396743,"Hyper-precautionary_Three_step"
"704",2055,4195.02463210864,666.855954801133,"Hyper-precautionary_Three_step"
"705",2056,4193.91855784298,668.685903139158,"Hyper-precautionary_Three_step"
"706",2057,4187.38769892677,676.663927956637,"Hyper-precautionary_Three_step"
"707",2058,4188.92200134678,686.79528488613,"Hyper-precautionary_Three_step"
"708",2059,4182.08119383681,691.649759965787,"Hyper-precautionary_Three_step"
"709",2060,4178.94221338656,698.484730970766,"Hyper-precautionary_Three_step"
"710",2061,4176.04469311633,701.503291278428,"Hyper-precautionary_Three_step"
"711",2062,4166.96385594932,702.216477398775,"Hyper-precautionary_Three_step"
"712",2063,4163.38297512855,705.881535697802,"Hyper-precautionary_Three_step"
"713",2064,4160.45707837708,711.333497740043,"Hyper-precautionary_Three_step"
"714",2065,4159.49999542475,718.437789368237,"Hyper-precautionary_Three_step"
"715",2066,4160.61054172804,729.584797239624,"Hyper-precautionary_Three_step"
"716",2067,4155.60100257492,733.498325490464,"Hyper-precautionary_Three_step"
"717",2068,4149.79088444924,739.770597654309,"Hyper-precautionary_Three_step"
"718",2069,4145.80718231032,751.169005748424,"Hyper-precautionary_Three_step"
"719",2070,4148.39456642534,757.92380948074,"Hyper-precautionary_Three_step"
"720",2071,4147.81301716237,759.108949880299,"Hyper-precautionary_Three_step"
"721",2072,4145.31773802914,763.870336716959,"Hyper-precautionary_Three_step"
"722",2073,4141.4138191014,771.394809621529,"Hyper-precautionary_Three_step"
"723",2074,4134.9084395076,772.981522625083,"Hyper-precautionary_Three_step"
"724",2075,4128.28295773872,772.200662996768,"Hyper-precautionary_Three_step"
"725",2076,4121.65781645069,779.922690582763,"Hyper-precautionary_Three_step"
"726",2077,4111.5474668508,780.407533171287,"Hyper-precautionary_Three_step"
"727",2078,4100.88640077315,778.887739938001,"Hyper-precautionary_Three_step"
"728",2079,4090.82702568761,783.214396767263,"Hyper-precautionary_Three_step"
"729",2080,4084.56119463197,783.15784002065,"Hyper-precautionary_Three_step"
"730",2081,4079.12178584103,787.428863537411,"Hyper-precautionary_Three_step"
"731",2082,4076.16783901523,796.223418911328,"Hyper-precautionary_Three_step"
"732",2083,4068.17062682668,805.080327159023,"Hyper-precautionary_Three_step"
"733",2084,4056.51449958027,810.135978320865,"Hyper-precautionary_Three_step"
"734",2085,4062.01686976778,824.534342034444,"Hyper-precautionary_Three_step"
"735",2086,4057.18317881962,829.038834393105,"Hyper-precautionary_Three_step"
"736",2087,4047.60149683867,837.582458837966,"Hyper-precautionary_Three_step"
"737",2088,4045.83317790691,841.633919105117,"Hyper-precautionary_Three_step"
"738",2089,4041.76286839754,855.670969414471,"Hyper-precautionary_Three_step"
"739",2090,4041.19418838937,862.087641712098,"Hyper-precautionary_Three_step"
"740",2091,4035.42250176549,860.692553592937,"Hyper-precautionary_Three_step"
"741",2092,4034.05446543872,863.931882363011,"Hyper-precautionary_Three_step"
"742",2093,4037.11325207664,873.148626480972,"Hyper-precautionary_Three_step"
"743",2094,4035.4392881234,882.709857891045,"Hyper-precautionary_Three_step"
"744",2095,4033.59231128218,884.299914549899,"Hyper-precautionary_Three_step"
"745",1972,8602.61639380398,0,"Constant"
"746",1973,8735.79761309407,0,"Constant"
"747",1974,8985.38525182902,0,"Constant"
"748",1975,9121.6683342313,0,"Constant"
"749",1976,9018.29462905417,0,"Constant"
"750",1977,9135.72116042586,0,"Constant"
"751",1978,9324.39105900461,0,"Constant"
"752",1979,9156.99369983194,0,"Constant"
"753",1980,8770.94611836138,0,"Constant"
"754",1981,8099.591219785,0,"Constant"
"755",1982,7301.01651458699,0,"Constant"
"756",1983,6964.03087214535,0,"Constant"
"757",1984,6912.66133269455,0,"Constant"
"758",1985,6732.16067774403,0,"Constant"
"759",1986,6486.97652142287,0,"Constant"
"760",1987,6467.72222213879,0,"Constant"
"761",1988,6303.50756578306,0,"Constant"
"762",1989,5902.40550847254,0,"Constant"
"763",1990,5495.97449378872,0,"Constant"
"764",1991,4947.54160976553,0,"Constant"
"765",1992,4232.75162025304,0,"Constant"
"766",1993,3509.58575365169,0,"Constant"
"767",1994,2959.5215401605,0,"Constant"
"768",1995,2615.8353721331,0,"Constant"
"769",1996,2343.3152075465,0,"Constant"
"770",1997,2147.18719578987,0,"Constant"
"771",1998,2036.15283439433,0,"Constant"
"772",1999,1980.31033910442,0,"Constant"
"773",2000,1981.25007482241,0,"Constant"
"774",2001,2004.96705144711,0,"Constant"
"775",2002,2038.4440818501,0,"Constant"
"776",2003,2077.73234621979,0,"Constant"
"777",2004,2109.01004504198,0,"Constant"
"778",2005,2144.98379636881,0,"Constant"
"779",2006,2202.25497996192,0,"Constant"
"780",2007,2284.46849183131,0,"Constant"
"781",2008,2367.3403620021,0,"Constant"
"782",2009,2447.98260728729,0,"Constant"
"783",2010,2560.77967071828,0,"Constant"
"784",2011,2727.8969480573,0,"Constant"
"785",2012,2866.65916895041,0,"Constant"
"786",2013,2959.37360116659,0,"Constant"
"787",2014,3057.86947983853,0,"Constant"
"788",2015,3157.21701589071,0,"Constant"
"789",2016,3247.24310910927,0,"Constant"
"790",2017,3335.41406289571,0,"Constant"
"791",2018,3429.19711100492,0,"Constant"
"792",2019,3530.99230613367,0,"Constant"
"793",2020,3638.18001250779,0,"Constant"
"794",2021,3785.68104862054,0,"Constant"
"795",2022,3772.5422421363,46.4832599218425,"Constant"
"796",2023,3919.74638195772,68.837446281334,"Constant"
"797",2024,4066.32512396273,84.9707710295609,"Constant"
"798",2025,4219.11571520577,97.701992504228,"Constant"
"799",2026,4373.10786985863,108.473713493027,"Constant"
"800",2027,4510.41182628807,126.777660084792,"Constant"
"801",2028,4630.16273963101,152.858559558385,"Constant"
"802",2029,4738.90030235274,193.768502274537,"Constant"
"803",2030,4831.18212227871,220.532105434192,"Constant"
"804",2031,4894.83121653205,247.33658252609,"Constant"
"805",2032,4953.1798909482,268.213634880946,"Constant"
"806",2033,4987.02506482301,300.090423946168,"Constant"
"807",2034,5011.711702677,324.66765180804,"Constant"
"808",2035,5033.68098508347,335.413688701235,"Constant"
"809",2036,5049.47530745757,346.341682621511,"Constant"
"810",2037,5071.56181977261,353.482991045104,"Constant"
"811",2038,5082.49945366511,357.064293287951,"Constant"
"812",2039,5104.21293031471,378.906938634528,"Constant"
"813",2040,5122.36629101537,392.593385037939,"Constant"
"814",2041,5123.95761048131,406.722810012162,"Constant"
"815",2042,5118.25097051245,414.500472642587,"Constant"
"816",2043,5115.3699488964,421.949291737247,"Constant"
"817",2044,5104.18133812936,434.301631418014,"Constant"
"818",2045,5095.04063283845,432.724968070687,"Constant"
"819",2046,5087.29484993945,436.551921109917,"Constant"
"820",2047,5077.9764310639,443.170707401739,"Constant"
"821",2048,5060.99692908033,452.70932564356,"Constant"
"822",2049,5046.34785761306,450.941477723807,"Constant"
"823",2050,5038.09032629665,458.654729856904,"Constant"
"824",2051,5042.12341839676,460.884458137891,"Constant"
"825",2052,5037.75356548752,467.727401102791,"Constant"
"826",2053,5037.42177684607,484.08519037731,"Constant"
"827",2054,5030.8790018367,495.294491816729,"Constant"
"828",2055,5023.30620665333,500.624401945633,"Constant"
"829",2056,5008.08291491464,500.725538414829,"Constant"
"830",2057,5001.84236948778,492.643295587709,"Constant"
"831",2058,4983.85931350181,491.000455519761,"Constant"
"832",2059,4976.36292381,481.668651102961,"Constant"
"833",2060,4969.67563780383,473.708049023401,"Constant"
"834",2061,4949.10476432416,471.970032284917,"Constant"
"835",2062,4932.09923562477,483.575456219282,"Constant"
"836",2063,4920.94318078216,489.778860875187,"Constant"
"837",2064,4897.49782867867,489.86385131164,"Constant"
"838",2065,4881.42871895893,504.309059546653,"Constant"
"839",2066,4866.0104364325,514.484079719538,"Constant"
"840",2067,4850.70598340504,507.975750778994,"Constant"
"841",2068,4841.02817408118,508.69751763727,"Constant"
"842",2069,4824.18707475102,520.168569844666,"Constant"
"843",2070,4804.1486054326,522.875123068232,"Constant"
"844",2071,4791.09658635129,532.493742313377,"Constant"
"845",2072,4772.9674056584,540.750424762552,"Constant"
"846",2073,4747.45223000384,544.884730171171,"Constant"
"847",2074,4731.06897614209,559.024804182541,"Constant"
"848",2075,4719.1846464088,570.378473765719,"Constant"
"849",2076,4706.31573273487,571.676308269742,"Constant"
"850",2077,4689.16710767121,578.465995949512,"Constant"
"851",2078,4678.23734430528,577.181889036274,"Constant"
"852",2079,4652.28434576737,579.432098947425,"Constant"
"853",2080,4631.71073155808,580.79278685253,"Constant"
"854",2081,4605.59764518359,576.772116997844,"Constant"
"855",2082,4588.82632367088,571.687705293411,"Constant"
"856",2083,4566.3370355944,562.205225925051,"Constant"
"857",2084,4552.9320639799,561.95488686112,"Constant"
"858",2085,4544.06746975892,546.000221539145,"Constant"
"859",2086,4527.36414007366,549.333309626174,"Constant"
"860",2087,4517.62983409334,545.328402389511,"Constant"
"861",2088,4507.78701320289,545.012783703961,"Constant"
"862",2089,4494.24735932246,546.310493507339,"Constant"
"863",2090,4487.31774758031,541.978215706501,"Constant"
"864",2091,4472.91392152864,533.277345785582,"Constant"
"865",2092,4460.40677067834,530.04117466333,"Constant"
"866",2093,4448.0122282775,540.209715138723,"Constant"
"867",2094,4435.77240550143,532.481319953403,"Constant"
"868",2095,4430.9830625604,543.142307600606,"Constant"
